#{"t_start": 1745259507.7428339, "env_id": "None"}
r,l,t,user_id
5.508747,34,0.483383,1
5.287866,21,0.737385,1
5.968968,45,1.267286,1
4.969514,20,1.509401,1
4.528225,29,1.832342,1
4.790043,16,2.025827,1
4.539121,32,2.382878,1
4.869677,31,2.722477,1
12.421018,50,3.320454,1
12.674862,50,3.950469,1
9.057422,50,4.614085,1
7.118127,50,5.166533,1
7.228856,31,5.497519,1
8.051072,39,5.92508,1
6.336302,50,6.466953,1
9.732311,50,7.024503,1
8.122347,50,7.574004,1
7.359239,36,7.971585,1
3.923113,16,8.154536,1
10.829245,50,8.700572,1
10.726845,50,9.302439,1
8.26096,50,10.003217,1
2.290398,21,10.241715,1
5.109736,23,10.525179,1
5.027958,28,10.848086,1
8.891164,33,11.305134,1
4.377423,23,11.589988,1
6.607381,50,12.176045,1
8.79175,41,12.694081,1
10.101389,50,13.299933,1
14.834849,50,13.899053,1
3.664653,11,14.025972,1
8.696531,50,14.68105,1
3.805737,17,14.872358,1
7.989418,26,15.165412,1
12.247182,50,15.801526,1
7.979422,33,16.228121,1
3.429736,21,16.491884,1
3.753989,19,16.714639,1
3.197277,27,17.01362,1
8.449072,50,17.575214,1
2.211166,17,17.780156,1
11.700877,50,18.345289,1
7.84101,43,18.819505,1
9.587669,50,19.361011,1
2.110865,20,19.596387,1
4.579811,25,19.882864,1
1.865029,12,20.024998,1
5.632316,36,20.420688,1
10.395734,50,21.016113,1
12.551537,48,21.603675,1
9.512668,50,22.437435,1
11.250085,50,23.231245,1
10.28922,50,23.977677,1
8.195071,46,24.518351,1
5.763329,40,32.595538,1
8.430838,50,33.193291,1
3.138438,12,33.339056,1
4.962214,16,33.531258,1
9.09462,36,33.93347,1
10.297477,50,34.534979,1
1.08616,15,34.730264,1
8.312001,50,35.299229,1
11.204609,50,35.86355,1
11.200687,50,36.423072,1
10.661191,50,36.983532,1
11.178999,50,37.638853,1
10.83827,50,38.267098,1
6.659642,42,38.771011,1
12.682619,50,39.332576,1
3.261034,28,39.706729,1
9.562438,50,40.356328,1
5.258715,39,40.88353,1
4.179902,28,41.256985,1
6.414103,34,41.648734,1
8.733252,47,42.252537,1
10.002618,50,42.846169,1
5.381472,23,43.110279,1
9.223987,50,43.728167,1
11.537642,50,44.291027,1
3.410394,24,44.641553,1
9.223547,40,45.116762,1
9.758486,50,45.672035,1
2.182549,14,45.831165,1
10.701492,50,46.38789,1
5.698319,16,46.582922,1
3.161793,14,46.736359,1
9.924709,50,47.308295,1
6.904792,35,47.699335,1
10.110943,45,48.210063,1
4.920734,20,48.430365,1
4.920672,23,48.696875,1
5.312269,27,48.988187,1
14.458849,50,49.543923,1
5.951226,28,49.872927,1
13.020708,50,50.433911,1
9.292747,50,50.991006,1
8.142938,50,51.547101,1
6.387295,50,52.105011,1
4.239669,50,52.663439,1
4.085275,32,53.018608,1
3.8272,19,53.237073,1
3.911093,21,53.477728,1
9.844975,44,53.975792,1
5.459721,22,54.221789,1
2.808354,28,54.528554,1
9.768398,50,55.088999,1
7.468011,50,55.642862,1
11.028181,40,56.092834,1
4.773452,21,56.346489,1
12.929162,50,64.011874,1
2.828926,12,64.173509,1
4.696843,19,64.412657,1
1.517097,21,64.649238,1
8.521768,50,65.216219,1
10.540458,48,65.771059,1
6.494025,50,66.490654,1
7.438811,31,66.955007,1
13.034544,50,67.56469,1
2.212458,22,67.826221,1
7.234752,49,68.448443,1
9.856261,50,69.082683,1
10.127369,50,69.690296,1
14.060439,50,70.502543,1
9.352762,50,71.169141,1
7.610103,50,71.780241,1
13.45692,41,72.244322,1
4.141477,26,72.603886,1
3.11158,16,72.828598,1
6.251675,25,73.130588,1
7.228427,39,73.644592,1
10.916452,50,74.256948,1
7.6926,50,74.929953,1
12.033741,50,75.512592,1
7.908501,50,76.207673,1
6.911169,37,76.689589,1
9.544303,38,77.124748,1
5.940778,37,77.543214,1
9.669165,50,78.232912,1
9.812113,50,78.810364,1
9.156198,36,79.217143,1
2.795376,21,79.509523,1
2.382875,12,79.715057,1
3.037117,27,80.068922,1
3.68038,50,80.680533,1
2.781486,23,80.956276,1
10.525325,50,81.534353,1
8.547261,50,82.080121,1
13.647123,50,82.659116,1
6.726925,23,82.94291,1
8.713532,41,83.416112,1
8.838855,50,84.009285,1
8.790916,38,84.436599,1
4.588543,18,84.646356,1
3.011951,20,84.882139,1
7.568933,30,85.223008,1
8.487179,47,85.76763,1
9.532369,34,86.167838,1
10.631109,50,86.777339,1
8.782138,35,87.173899,1
11.122073,50,87.799507,1
7.80687,50,88.406929,1
3.266135,17,88.610806,1
8.473647,46,96.307332,1
4.335408,20,96.539795,1
14.625055,50,97.107642,1
6.413895,29,97.45149,1
10.653596,37,97.880677,1
11.428264,47,98.430702,1
8.911359,50,98.999635,1
12.043623,50,99.635121,1
7.708537,50,100.228356,1
8.428653,50,100.819644,1
10.641727,50,101.371198,1
13.06008,50,101.940546,1
5.548645,26,102.233147,1
9.210434,50,102.802619,1
6.942205,36,103.202224,1
10.017409,50,103.772103,1
8.74357,39,104.214271,1
11.694822,48,104.760743,1
11.599219,50,105.329321,1
10.444756,50,105.891724,1
7.453965,35,106.285167,1
9.862908,50,106.833895,1
3.51662,27,107.144176,1
3.022027,9,107.252145,1
4.385244,27,107.563073,1
9.221534,50,108.128044,1
9.705961,37,108.547058,1
5.84015,26,108.853746,1
9.783547,50,109.434823,1
4.128177,26,109.734477,1
9.579739,50,110.298101,1
10.033414,50,110.875978,1
5.773518,30,111.214409,1
3.872175,32,111.564143,1
2.759485,21,111.807142,1
11.509711,50,112.376372,1
2.676552,15,112.559055,1
2.788834,28,112.886348,1
3.774239,13,113.039857,1
7.824781,50,113.601332,1
8.491523,50,114.148964,1
3.92607,26,114.438308,1
8.509657,24,114.710043,1
14.025308,50,115.270455,1
7.5042,50,115.831069,1
10.224573,50,116.410241,1
11.550509,50,116.977512,1
3.232475,20,117.203938,1
11.65498,43,117.693661,1
8.315852,39,118.12101,1
11.133782,50,118.682869,1
5.338562,26,118.970301,1
11.661308,50,126.941813,1
6.490205,34,127.334262,1
4.220922,33,127.748487,1
6.246424,50,128.349099,1
5.541994,22,128.642803,1
7.350897,50,129.21274,1
9.100605,50,129.813896,1
2.739626,15,129.994173,1
11.290302,50,130.563147,1
3.232072,26,130.967781,1
7.538986,50,131.545087,1
6.229608,50,132.103318,1
6.125854,31,132.455059,1
6.168117,34,132.880517,1
4.176157,12,133.040388,1
5.541648,28,133.366952,1
8.801381,36,133.769734,1
10.743641,50,134.385317,1
8.866136,50,134.946312,1
6.2094,25,135.253607,1
7.061233,34,135.673599,1
12.412366,50,136.243754,1
6.087548,27,136.566145,1
9.395577,50,137.133993,1
3.668253,18,137.342068,1
10.145459,50,137.890339,1
9.642081,50,138.452194,1
4.743808,34,138.880631,1
4.362829,27,139.194835,1
8.678182,40,139.666125,1
9.492829,48,140.28744,1
7.326796,26,140.576094,1
12.477616,50,141.149417,1
3.174757,19,141.369534,1
5.373046,19,141.576935,1
4.378227,26,141.873044,1
7.961833,50,142.422829,1
11.402054,50,142.97495,1
3.249474,22,143.216139,1
6.811511,41,143.66172,1
7.165954,19,143.887105,1
3.518508,34,144.265232,1
8.631038,44,144.748575,1
5.267467,27,145.052638,1
2.901004,13,145.200095,1
9.237273,50,145.760781,1
7.351762,35,146.133772,1
8.913818,50,146.679806,1
5.529602,43,147.149243,1
7.372685,27,147.453326,1
10.407704,50,148.01937,1
7.226081,30,148.368827,1
2.66727,18,148.606121,1
2.898928,12,148.744541,1
10.12531,50,149.317328,1
6.336286,38,149.727303,1
13.279623,50,150.283117,1
11.594256,49,158.332817,1
9.434865,50,158.916435,1
12.032701,50,159.488946,1
2.038459,25,159.784469,1
12.712884,50,160.348754,1
6.847607,38,160.788855,1
9.78554,50,161.363546,1
10.667646,50,161.942238,1
3.861605,24,162.226946,1
4.367899,16,162.417325,1
5.783261,37,162.84239,1
7.275368,50,163.403149,1
3.471173,16,163.594526,1
10.041848,50,164.169483,1
6.284838,26,164.472104,1
10.28979,46,164.995248,1
7.647185,50,165.564442,1
10.497403,50,166.132438,1
5.012618,32,166.494352,1
3.770017,23,166.767833,1
7.508872,31,167.114918,1
3.469754,19,167.333487,1
8.952379,50,167.893282,1
6.448456,28,168.210789,1
7.610115,50,168.774565,1
9.066171,44,169.284212,1
11.775884,43,169.775806,1
2.855468,8,169.872531,1
5.16154,27,170.178951,1
4.011692,15,170.348444,1
9.126266,50,170.901276,1
5.142812,39,171.345996,1
8.177374,38,171.779177,1
3.231943,7,171.869531,1
8.043968,50,172.433782,1
9.646135,50,173.00235,1
14.312562,50,173.582486,1
11.052627,45,174.10662,1
8.688168,50,174.695942,1
11.172609,50,175.322406,1
4.192085,16,175.52243,1
11.710889,50,176.097129,1
5.098402,23,176.362493,1
4.671183,24,176.632253,1
11.5442,42,177.127726,1
13.520787,50,177.698847,1
4.649299,27,178.058098,1
6.557507,36,178.574144,1
9.359183,50,179.150394,1
4.56695,36,179.675482,1
9.019334,49,180.388074,1
10.659888,40,180.923328,1
8.35671,50,181.854497,1
7.056331,45,190.331019,1
4.723352,37,190.839128,1
7.263981,25,191.141064,1
2.816739,14,191.312165,1
3.663291,21,191.564571,1
5.499168,29,191.893465,1
11.789255,46,192.411455,1
3.339805,16,192.605572,1
7.140003,24,192.878091,1
7.957192,48,193.41178,1
6.151516,28,193.72718,1
10.951796,50,194.321131,1
4.688615,26,194.618484,1
10.59097,50,195.16874,1
2.684978,17,195.358064,1
5.487456,27,195.689253,1
8.028203,50,196.282385,1
3.743038,25,196.565826,1
3.168983,16,196.763729,1
7.516002,26,197.057566,1
3.122216,22,197.305807,1
8.468323,43,197.794177,1
9.434017,50,198.375619,1
10.884508,50,198.944618,1
10.710667,50,199.528773,1
12.008583,48,200.083765,1
5.848633,27,200.416248,1
9.200417,50,200.994159,1
9.410088,38,201.438924,1
4.201076,20,201.673713,1
2.037623,6,201.746934,1
8.006647,40,202.213172,1
8.843464,50,202.828284,1
10.95132,50,203.391874,1
5.534428,50,203.930207,1
4.058695,16,204.112204,1
6.713829,50,204.681926,1
6.542742,50,205.242068,1
9.885697,50,205.816553,1
5.133283,19,206.028308,1
4.184745,13,206.176331,1
6.603398,38,206.608451,1
2.900649,24,206.88252,1
13.52117,50,207.448379,1
2.842324,17,207.643938,1
6.324109,49,208.16764,1
12.575669,42,208.631449,1
8.670994,40,209.081043,1
9.427374,50,209.640091,1
3.942486,17,209.846173,1
3.152736,20,210.074959,1
7.82326,50,210.633014,1
10.170977,50,211.202009,1
3.268643,14,211.356001,1
3.033098,9,211.456642,1
7.595804,41,211.928693,1
6.311742,33,212.307774,1
11.582824,50,212.868544,1
11.995587,50,213.433377,1
4.859613,34,213.812752,1
8.470502,50,221.531374,1
3.656923,18,221.730447,1
9.635293,50,222.298146,1
5.484792,17,222.489056,1
7.700677,50,223.025085,1
5.15932,27,223.339054,1
6.445846,24,223.706963,1
7.179028,32,224.087044,1
11.548373,50,224.669647,1
4.362183,27,224.979783,1
8.179295,50,225.557262,1
3.947329,15,225.737177,1
5.772667,37,226.166299,1
10.294525,44,226.675371,1
13.537797,50,227.234107,1
13.059694,50,227.807458,1
8.623804,50,228.36894,1
7.693258,37,228.777019,1
4.131555,15,228.949905,1
2.227933,7,229.034668,1
2.120499,14,229.199046,1
5.831655,31,229.565657,1
3.074183,7,229.650716,1
9.144737,50,230.202189,1
11.456513,50,230.86879,1
3.209989,15,231.080601,1
2.039088,16,231.279896,1
5.382015,24,231.560607,1
11.453222,50,232.122882,1
9.062762,50,232.737459,1
10.872654,50,233.301026,1
3.17447,12,233.440907,1
4.200979,23,233.747395,1
2.523267,6,233.82719,1
5.242661,50,234.370829,1
5.033411,17,234.561246,1
8.945548,50,235.14454,1
8.657382,50,235.722437,1
8.242047,50,236.293815,1
7.626092,30,236.637889,1
8.875504,50,237.20737,1
6.294304,31,237.550153,1
5.523637,25,237.843994,1
6.55779,50,238.400819,1
10.206907,50,238.989942,1
3.126529,19,239.221782,1
2.674079,22,239.476367,1
2.874373,17,239.671565,1
5.115435,28,240.009997,1
9.063529,45,240.608603,1
8.202055,50,241.191578,1
2.997186,12,241.341695,1
9.308748,42,241.815158,1
7.464189,37,242.217672,1
8.095241,33,242.577571,1
9.736786,50,243.143006,1
8.282927,50,243.699243,1
2.845246,12,243.841853,1
5.486566,32,244.198965,1
8.755148,50,244.751779,1
6.613724,38,254.382257,1
12.196958,49,255.037463,1
9.445325,50,255.642108,1
12.583026,50,256.276543,1
11.786049,50,257.035891,1
10.126679,50,257.621636,1
5.569599,36,258.042927,1
11.696677,50,258.617468,1
4.83191,23,258.895006,1
3.461263,13,259.053566,1
5.455919,27,259.362564,1
11.562187,50,259.933665,1
9.765919,45,260.468718,1
5.501558,31,260.829826,1
9.711532,50,261.396975,1
12.759244,50,262.024216,1
2.386309,12,262.179217,1
8.945625,50,262.783316,1
6.179822,25,263.108617,1
9.731817,50,263.671256,1
8.706443,45,264.175349,1
8.437402,50,264.789744,1
5.803979,26,265.173487,1
2.615681,5,265.253825,1
4.535729,31,265.615783,1
6.841774,28,265.936963,1
2.884552,13,266.100018,1
4.127681,28,266.475301,1
4.02356,20,266.721608,1
13.862762,50,267.382366,1
8.163895,50,268.044238,1
4.471577,21,268.294116,1
5.128322,19,268.518004,1
3.667964,16,268.729666,1
2.702507,22,269.013696,1
4.886931,12,269.171697,1
8.636048,42,269.668631,1
6.62961,39,270.13775,1
10.716312,44,270.651772,1
9.059874,39,271.085849,1
4.803748,29,271.498935,1
7.974375,50,272.148533,1
8.363201,50,272.804821,1
3.739825,50,273.489268,1
7.770757,33,273.885337,1
9.637173,50,274.508701,1
5.181849,30,274.918893,1
10.679101,50,275.543596,1
10.577001,48,276.100467,1
7.760983,50,276.701982,1
2.470008,11,276.857079,1
4.520419,22,277.119236,1
10.765793,38,277.569422,1
5.917586,50,278.164264,1
5.536413,26,278.488154,1
10.343081,50,279.099849,1
5.752065,41,287.272698,1
3.42789,13,287.43616,1
5.813442,24,287.724914,1
3.635879,21,287.993842,1
14.042692,50,288.573097,1
6.443932,46,289.102089,1
4.516493,28,289.429113,1
6.255667,34,289.827471,1
2.831216,14,289.99999,1
3.363451,30,290.34915,1
10.900454,50,290.915664,1
10.072566,50,291.502209,1
3.549258,25,291.789644,1
2.083052,9,291.896458,1
12.136617,50,292.477828,1
11.143035,49,293.040324,1
10.400018,50,293.642612,1
6.801074,50,294.240246,1
10.118887,50,294.852995,1
12.419737,50,295.485188,1
6.283081,50,296.066654,1
6.949522,29,296.416598,1
5.675504,39,296.901745,1
6.711013,46,297.442321,1
8.408636,50,298.016968,1
2.374095,8,298.122436,1
7.202927,50,298.694082,1
8.615382,50,299.300187,1
8.937068,35,299.716582,1
5.667839,40,300.167204,1
5.833666,25,300.463519,1
8.572286,50,301.042179,1
12.969806,50,301.61801,1
3.604954,14,301.791845,1
2.777085,18,302.004739,1
7.365217,39,302.448304,1
3.144373,16,302.645072,1
6.901341,32,303.014778,1
9.497964,50,303.593092,1
6.90615,50,304.175996,1
3.876389,31,304.541487,1
2.926588,14,304.708115,1
6.314253,35,305.132458,1
10.495201,43,305.612061,1
5.891621,49,306.1871,1
4.322347,21,306.443014,1
3.629994,16,306.636029,1
8.142095,41,307.10711,1
6.549183,22,307.368615,1
5.46267,21,307.619709,1
8.966086,47,308.182201,1
5.379813,29,308.507276,1
7.075816,23,308.783975,1
7.604078,33,309.171613,1
9.582486,50,309.748398,1
9.754175,50,310.360251,1
4.854148,13,310.517803,1
7.148042,34,310.983797,1
3.816728,27,318.886615,1
7.571619,50,319.469718,1
5.991204,50,320.079228,1
6.738024,50,320.686224,1
10.558105,50,321.283795,1
7.24638,34,321.689688,1
10.575472,44,322.1986,1
9.192335,50,322.816946,1
12.941538,50,323.401916,1
8.479134,44,323.940653,1
12.261865,50,324.520741,1
2.247494,19,324.740123,1
5.313695,41,325.226888,1
6.491865,36,325.660497,1
8.683931,42,326.158285,1
4.377135,35,326.569124,1
6.330743,37,327.024306,1
10.633532,50,327.600212,1
7.733936,24,327.910512,1
9.2504,50,328.592544,1
4.034242,25,328.990699,1
6.361278,37,329.468299,1
8.348318,50,330.073107,1
9.511646,50,330.659072,1
8.55228,40,331.11087,1
8.70523,50,331.6933,1
7.29729,41,332.165371,1
3.539745,31,332.518136,1
9.943146,50,333.092989,1
7.806731,50,333.66514,1
3.159341,22,333.946136,1
10.691244,50,334.513756,1
8.951428,50,335.090288,1
10.729671,50,335.694054,1
12.403057,50,336.306028,1
13.175796,50,336.929184,1
5.419167,25,337.218637,1
6.744516,50,337.993695,1
10.60904,50,338.575187,1
9.7787,36,338.994005,1
4.37368,14,339.157647,1
2.425468,10,339.271014,1
2.807527,14,339.436554,1
2.591176,20,339.668867,1
9.342582,50,340.233326,1
8.702194,50,340.833321,1
8.47312,50,341.404743,1
5.782326,30,341.744803,1
9.890245,50,342.301598,1
8.259284,47,342.849825,1
3.730202,16,343.042462,1
5.075277,28,350.591015,1
10.652608,50,351.158341,1
9.10832,50,351.728882,1
3.44196,21,351.96637,1
5.891358,28,352.290917,1
6.117433,39,352.741821,1
4.677003,23,353.009149,1
11.511458,50,353.780155,1
9.234462,31,354.227508,1
11.497749,48,354.822155,1
9.673132,42,355.345541,1
4.176258,26,355.667053,1
8.164213,50,356.308595,1
8.058986,49,356.876343,1
11.649477,50,357.457075,1
3.764682,16,357.649891,1
7.318606,33,358.033602,1
7.672003,50,358.605168,1
10.660044,50,359.173207,1
12.735007,50,359.733331,1
5.759097,50,360.312267,1
6.61097,46,360.840036,1
5.425434,25,361.129956,1
12.678742,50,361.703218,1
13.797185,50,362.280614,1
12.084789,50,362.85267,1
2.053008,17,363.050605,1
8.033877,50,363.615638,1
7.076153,40,364.076435,1
2.430526,19,364.30165,1
11.454141,48,364.854238,1
8.291487,45,365.347752,1
6.057498,23,365.606991,1
6.758874,37,366.027648,1
2.658776,29,366.374198,1
5.616478,18,366.586252,1
8.749394,48,367.17297,1
10.014837,50,367.755465,1
10.831877,50,368.333499,1
7.761683,50,368.893441,1
3.996583,14,369.061253,1
11.967794,50,369.611158,1
10.815473,44,370.115977,1
9.598664,50,370.698888,1
9.635452,45,371.215747,1
5.510565,21,371.465615,1
5.22391,28,371.788077,1
2.576777,11,371.925761,1
5.018254,13,372.082279,1
5.440912,31,372.440199,1
6.845124,24,372.72598,1
8.135706,34,373.119261,1
3.775983,19,373.34158,1
5.670253,50,373.917335,1
9.679072,50,374.542409,1
7.61106,23,381.843422,1
5.329402,30,382.179652,1
2.548794,13,382.329198,1
9.424045,50,382.86499,1
7.12564,50,383.414474,1
9.136037,50,383.966986,1
7.936504,46,384.478044,1
7.42228,40,384.917654,1
9.952529,50,385.473024,1
6.870681,48,386.00833,1
9.153834,50,386.578744,1
5.028767,50,387.128419,1
9.216592,38,387.549605,1
11.502672,50,388.101402,1
7.837176,38,388.528101,1
2.495772,18,388.734476,1
13.163994,50,389.283268,1
13.314341,50,389.85081,1
6.747974,23,390.109423,1
3.266659,22,390.365404,1
3.468015,24,390.632649,1
3.942787,17,390.827739,1
9.634649,36,391.229583,1
4.834457,26,391.526691,1
10.905615,50,392.094176,1
8.601901,39,392.719727,1
5.751266,21,393.081284,1
2.899398,11,393.264419,1
5.382355,21,393.520904,1
9.95827,50,394.105982,1
5.820263,27,394.426914,1
5.935301,34,394.811327,1
11.352346,50,395.384697,1
9.373388,50,395.964415,1
4.015613,34,396.351503,1
5.186677,28,396.669041,1
4.415594,19,396.885113,1
3.300975,14,397.050382,1
6.937971,22,397.313523,1
6.688339,23,397.589394,1
10.337642,50,398.165739,1
4.736755,44,398.661059,1
3.368844,15,398.838629,1
6.315668,37,399.261263,1
11.305371,50,399.856731,1
12.667143,50,400.437778,1
3.993899,17,400.637277,1
6.428194,33,401.041188,1
4.608688,25,401.325428,1
6.043153,40,401.779168,1
12.727352,50,402.366598,1
10.514751,50,402.944756,1
10.350187,50,403.520941,1
12.337384,44,404.028322,1
11.352567,50,404.768591,1
9.095327,50,405.347541,1
7.957951,50,413.225372,1
2.29414,18,413.43711,1
5.069664,29,413.781052,1
2.653603,20,414.008031,1
10.013734,50,414.581484,1
10.814525,47,415.13166,1
4.519119,22,415.384445,1
4.491704,30,415.737568,1
7.2043,50,416.31435,1
13.13103,50,416.891491,1
5.936303,27,417.207534,1
5.771928,27,417.516344,1
4.966971,30,417.871325,1
14.248693,50,418.464119,1
3.373252,10,418.581117,1
10.128945,50,419.157839,1
10.186608,50,419.736897,1
9.880208,43,420.222666,1
3.278103,11,420.361002,1
10.165367,50,420.923924,1
4.976978,32,421.28721,1
13.197917,43,421.775087,1
3.125247,22,422.036137,1
5.762898,36,422.520401,1
5.866148,34,423.017048,1
9.027268,50,423.576991,1
8.233007,50,424.15783,1
9.410042,50,424.742459,1
10.249079,50,425.3923,1
10.837595,50,426.015732,1
7.4672,34,426.492039,1
9.087392,50,427.07448,1
3.667311,18,427.283204,1
11.927196,50,427.851928,1
6.020195,33,428.236452,1
5.286429,27,428.539575,1
10.990776,50,429.154523,1
4.101898,8,429.26187,1
3.007498,9,429.385035,1
8.6493,35,429.789552,1
8.129379,47,430.337117,1
10.565593,44,430.960692,1
7.977721,50,431.561467,1
4.232645,32,431.947764,1
5.240982,33,432.345652,1
7.657336,50,432.928736,1
10.673383,50,433.501018,1
8.462886,50,434.099745,1
11.215317,44,434.618634,1
6.579062,42,435.104556,1
10.999821,50,435.691433,1
10.509786,50,436.262713,1
11.958598,50,436.97618,1
7.560596,50,444.926802,1
2.47262,7,445.015715,1
3.312632,20,445.252149,1
2.55617,12,445.39748,1
9.349774,33,445.770105,1
2.684448,16,445.956413,1
8.440197,50,446.521903,1
14.209504,50,447.10407,1
10.205183,50,447.682323,1
7.113174,32,448.052684,1
8.519205,50,448.629436,1
10.403806,50,449.200864,1
10.619902,50,449.766193,1
5.611396,20,449.997276,1
4.007949,30,450.343511,1
13.435167,50,450.898913,1
4.98343,50,451.4795,1
4.054541,13,451.634359,1
4.048992,23,451.903875,1
10.761946,50,452.48658,1
10.437217,49,453.046874,1
3.672176,13,453.195229,1
6.566988,21,453.438524,1
7.741968,44,453.997295,1
2.427533,13,454.150588,1
9.304709,50,454.814655,1
3.759269,20,455.055307,1
2.762153,9,455.176726,1
9.842714,50,455.762722,1
9.948019,50,456.324496,1
10.545336,50,456.888237,1
5.6785,34,457.292639,1
11.548046,47,457.825657,1
9.994061,50,458.378736,1
6.160401,31,458.789892,1
9.85279,50,459.491568,1
2.990146,20,459.750966,1
9.900546,38,460.190396,1
10.699531,50,460.779802,1
8.788549,50,461.346908,1
8.813624,33,461.733682,1
10.368425,50,462.299435,1
9.057947,50,462.865066,1
5.067333,50,463.430708,1
10.00271,50,464.019019,1
3.042183,9,464.126863,1
6.182742,48,464.737746,1
2.84045,13,464.887442,1
8.160989,45,465.528144,1
3.315124,19,465.76697,1
6.238789,37,466.294565,1
3.519797,22,466.598705,1
4.025887,18,466.861439,1
8.218132,35,467.319033,1
2.545461,14,467.482575,1
9.028406,50,468.067071,1
9.928551,50,468.656572,1
4.988505,25,468.94432,1
3.272854,18,476.261443,1
5.298368,15,476.45113,1
6.40997,35,476.865789,1
3.11644,12,477.007978,1
2.409239,15,477.185097,1
8.555664,40,477.677381,1
9.71332,50,478.268238,1
9.320091,50,478.845206,1
9.538675,50,479.410411,1
4.659595,26,479.738377,1
3.305096,12,479.877151,1
7.010925,36,480.367148,1
2.943651,32,480.80531,1
7.96269,37,481.252157,1
6.724738,50,481.820346,1
7.403783,50,482.477446,1
6.363659,25,482.770673,1
10.619657,50,483.350796,1
10.768727,50,483.938387,1
3.86449,21,484.189167,1
6.708547,40,484.786323,1
3.487007,18,484.996128,1
7.986802,36,485.467138,1
5.639577,34,485.931126,1
2.566591,9,486.095624,1
9.612443,50,486.755587,1
9.634997,50,487.378258,1
2.939003,15,487.559325,1
2.243695,10,487.681478,1
8.990152,50,488.270503,1
4.956142,19,488.496143,1
8.36931,50,489.114355,1
9.264581,50,489.696767,1
3.717102,24,489.979576,1
7.025022,50,490.583687,1
7.544585,50,491.158192,1
6.968009,50,491.894548,1
7.549828,23,492.181345,1
8.06991,50,492.895027,1
8.386879,50,493.521091,1
7.418798,40,494.015501,1
10.886703,50,494.671355,1
5.437417,32,495.060193,1
6.923757,30,495.414627,1
6.714359,39,495.867229,1
5.935169,36,496.296049,1
11.086983,50,496.862077,1
5.173627,22,497.118384,1
9.583316,50,497.692938,1
5.083154,30,498.104332,1
6.272089,21,498.352546,1
3.620405,18,498.574313,1
9.00991,50,499.150328,1
10.686821,34,499.548239,1
6.221487,37,499.976135,1
7.00907,50,500.55024,1
8.080968,46,501.073089,1
9.198834,50,508.984726,1
4.933454,28,509.312738,1
9.783988,39,509.760632,1
8.393889,50,510.331593,1
14.481145,50,510.894592,1
9.231784,44,511.38909,1
2.954101,14,511.553737,1
7.57133,50,512.120645,1
10.539125,50,512.687888,1
4.758379,38,513.123042,1
6.713429,29,513.45907,1
9.140669,46,513.970083,1
8.312661,50,514.535621,1
8.648038,50,515.091235,1
2.186025,16,515.279949,1
6.301505,20,515.515547,1
10.342786,50,516.082557,1
5.787324,27,516.384114,1
9.44252,50,516.943277,1
12.438676,50,517.510997,1
5.335521,26,517.811654,1
8.973184,50,518.361228,1
8.761121,45,518.856207,1
7.242369,44,519.353347,1
6.092227,38,519.78077,1
12.073152,50,520.343313,1
9.232678,50,520.922561,1
9.343774,48,521.470543,1
11.211129,41,521.929665,1
9.038221,50,522.4855,1
5.651603,26,522.852149,1
9.844111,50,523.555482,1
9.36167,50,524.144914,1
3.377308,31,524.567825,1
10.097007,50,525.153567,1
12.240764,50,525.768002,1
5.968335,25,526.070061,1
10.900899,37,526.535847,1
8.941017,43,527.037707,1
9.756968,50,527.619178,1
10.65025,50,528.209555,1
4.602228,24,528.491006,1
8.384046,50,529.070876,1
3.766067,19,529.295307,1
3.051171,12,529.437182,1
7.726923,32,529.812733,1
8.46499,49,530.393957,1
8.353089,50,531.011218,1
4.340824,24,531.306776,1
3.476783,12,531.44887,1
4.544291,20,531.684961,1
3.642357,16,531.873649,1
9.825742,42,532.390067,1
2.835998,21,540.091714,1
2.305581,16,540.33043,1
7.186103,44,540.892587,1
9.192689,50,541.48162,1
9.053084,50,542.084751,1
4.071816,33,542.501345,1
3.731265,23,542.851873,1
9.591433,45,543.537181,1
8.907413,28,543.898314,1
2.54399,20,544.149613,1
2.698943,11,544.301556,1
11.690969,50,544.927368,1
6.178758,22,545.185636,1
5.656966,30,545.531194,1
3.987266,17,545.729205,1
3.856306,32,546.126099,1
10.899621,50,546.839617,1
6.604521,27,547.185852,1
9.543404,50,547.986755,1
6.374148,40,548.50517,1
6.800803,50,549.109071,1
9.280927,32,549.480201,1
5.156232,39,549.943074,1
7.719323,48,550.505096,1
3.125338,16,550.709441,1
7.995983,50,551.294605,1
8.51601,43,551.828053,1
7.275977,41,552.36835,1
3.235573,13,552.550853,1
7.058468,40,553.048019,1
2.715561,15,553.241612,1
9.02424,50,553.882165,1
7.078953,50,554.494018,1
5.026778,24,554.774804,1
9.134013,50,555.348974,1
5.83819,32,555.870695,1
6.606152,34,556.289581,1
4.961081,39,556.767811,1
3.527702,19,556.997804,1
8.313472,42,557.508551,1
8.217233,50,558.139635,1
12.568031,50,558.749987,1
5.51219,50,559.503601,1
9.333403,34,559.934224,1
12.061642,50,560.52961,1
10.661983,49,561.107931,1
8.854335,41,561.569277,1
6.968428,34,561.970336,1
3.280662,14,562.141349,1
9.732003,50,562.732501,1
9.543512,42,563.20807,1
7.450325,32,563.582029,1
5.948466,33,563.99939,1
11.46322,50,564.597807,1
2.285835,13,564.74617,1
10.040076,50,565.331526,1
10.285885,40,573.91368,1
6.467168,44,574.476772,1
2.503873,15,574.663904,1
3.30539,20,574.907379,1
9.087689,50,575.479695,1
18.571757,50,576.052022,1
10.957196,50,576.68278,1
11.61338,41,577.209954,1
8.429457,36,577.711531,1
13.96685,50,578.311632,1
5.666959,24,578.79924,1
5.382267,37,579.273835,1
5.243475,30,579.650226,1
5.433767,39,580.179509,1
11.203751,50,580.863595,1
3.242723,28,581.187839,1
4.390794,20,581.41464,1
7.779456,50,581.990857,1
6.503189,33,582.377902,1
6.424806,31,582.751471,1
8.060762,50,583.430206,1
12.719303,50,584.015081,1
2.4679,18,584.229649,1
4.531094,20,584.461331,1
9.474237,50,585.046611,1
6.334623,18,585.280323,1
5.733483,41,585.767334,1
3.079508,10,585.888625,1
8.776624,50,586.48117,1
13.484739,50,587.063737,1
6.836928,50,587.63418,1
3.266816,15,587.816346,1
4.331412,23,588.100334,1
12.852851,50,588.676846,1
10.084848,49,589.240439,1
6.885969,20,589.467935,1
7.14665,28,589.793698,1
9.748914,48,590.345544,1
5.814151,46,590.878885,1
11.522447,45,591.396904,1
2.094094,12,591.538821,1
5.53904,34,591.934058,1
3.69191,22,592.200673,1
4.027433,13,592.358737,1
7.062163,40,592.814179,1
8.815016,50,593.390095,1
11.565244,50,594.008678,1
11.382653,50,594.620483,1
7.734296,50,595.226151,1
11.42826,50,595.8287,1
6.140552,22,596.093062,1
10.770808,50,596.680959,1
3.963916,26,596.985007,1
7.72761,33,597.365024,1
2.881625,15,597.537999,1
.11542,50,553.001076,2
2.413054,28,553.356012,2
1.20238,24,553.67007,2
1.369453,50,554.413828,2
0.603043,13,554.602302,2
3.562151,50,555.232975,2
1.77345,22,555.522342,2
1.992898,44,556.081054,2
0.00687,11,556.233355,2
0.618358,19,556.47315,2
0.62516,17,556.692796,2
1.85982,16,556.927157,2
2.368966,18,557.177361,2
1.789629,50,557.862866,2
1.741572,44,558.464552,2
4.791104,50,559.08977,2
1.6761,16,559.302752,2
1.804214,38,559.794509,2
3.531649,50,560.417296,2
2.743532,50,561.104085,2
0.006245,13,561.271789,2
1.046002,50,561.896438,2
1.799181,50,562.583615,2
0.533554,32,563.006368,2
1.345417,16,563.210075,2
1.743355,13,563.387818,2
1.338707,50,564.040239,2
0.62516,23,564.324682,2
0.624536,39,564.822305,2
2.340339,50,565.466736,2
2.853797,50,566.091236,2
0.006869,26,566.430914,2
1.20608,23,566.714795,2
1.009178,26,567.056837,2
1.121236,11,567.206258,2
1.703869,50,567.840827,2
1.398929,37,568.339001,2
1.08878,45,568.99909,2
0.625154,34,569.961039,2
1.690554,13,570.305233,2
1.778292,19,570.851461,2
1.858968,16,571.362865,2
0.5855,32,572.33751,2
1.685232,28,573.224041,2
2.355604,50,574.786005,2
1.697315,29,575.681594,2
1.162149,23,576.362049,2
0.575344,30,576.749265,2
1.712336,29,577.11958,2
2.380743,50,577.750698,2
7e-06,15,577.944205,2
1.089028,29,578.305368,2
3.5741,50,578.931864,2
0.624536,50,579.557685,2
1.041369,24,579.86236,2
1.793639,50,580.474189,2
1.176328,26,580.813989,2
0.769732,50,581.441866,2
0.625154,10,581.575004,2
0.614931,21,581.842306,2
2.662159,50,582.4609,2
1.23788,50,583.073348,2
0.625154,23,583.372396,2
2.347251,50,584.001718,2
0.624542,17,584.227643,2
0.006869,18,584.453826,2
1.344644,50,585.08231,2
1.231249,50,585.732044,2
0.618915,26,586.064826,2
0.61335,24,586.416523,2
0.650999,25,586.746406,2
1.211068,12,586.921142,2
1.361697,50,587.563621,2
0.618909,47,588.143236,2
0.618977,30,588.531171,2
3.542225,29,588.905187,2
0.000687,8,589.013178,2
1.78941,41,589.516896,2
2.847056,50,590.138172,2
1.149905,16,590.355612,2
1.199967,25,590.695221,2
1.758221,48,591.374809,2
2.349461,30,591.756781,2
0.006864,10,591.897815,2
1.748887,50,592.532056,2
1.377547,16,592.74702,2
2.066971,50,593.382271,2
1.413782,40,593.892887,2
1.641836,33,594.300335,2
1.092732,6,594.386666,2
2.285323,50,595.007247,2
1.710523,10,595.146571,2
2.099499,50,595.775185,2
1.238845,50,596.444362,2
1.300936,50,597.144615,2
1.307871,50,597.816245,2
1.597719,50,598.523191,2
0.565148,21,598.827158,2
2.390522,50,599.471898,2
0.62448,12,599.633592,2
1.222611,50,600.281637,2
1.776705,50,601.079544,2
0.724789,50,602.609478,2
1.213634,24,603.29799,2
0.006251,32,604.21636,2
0.625092,8,604.417628,2
1.712143,23,605.150111,2
1.132138,50,606.638643,2
0.625159,7,606.845608,2
0.56672,28,607.710985,2
1.208663,20,608.085637,2
1.619421,50,608.731617,2
0.625098,8,608.840891,2
2.3376,50,609.511815,2
0.625098,26,609.853898,2
1.754485,45,610.423761,2
0.618971,11,610.566379,2
0.593291,15,610.755283,2
6.3e-05,14,610.927181,2
0.577491,50,611.579398,2
0.579248,27,611.923964,2
2.946307,50,612.618276,2
0.625159,15,612.824412,2
6.8e-05,11,612.960323,2
3.43964,37,613.430456,2
0.625159,8,613.543098,2
0.593041,50,614.215262,2
2.382992,50,614.856591,2
1.706597,50,615.488257,2
2.291517,36,616.080074,2
6.2e-05,18,616.326902,2
0.000625,25,616.639999,2
0.618971,14,616.817921,2
0.624542,7,616.917751,2
0.625154,8,617.043785,2
0.62448,15,617.254139,2
2.178175,45,617.911163,2
0.625159,20,618.185892,2
0.625098,7,618.295284,2
1.208617,31,618.769026,2
1.185128,14,618.949136,2
0.00687,24,619.258108,2
2.289421,50,619.899114,2
0.182925,50,620.542295,2
2.266153,50,621.196435,2
7e-06,50,621.830708,2
1.704049,50,622.497167,2
0.006252,36,622.95385,2
0.000681,10,623.083338,2
2.874419,32,623.592261,2
0.000619,27,623.959543,2
1.957545,24,624.321216,2
1.188326,28,624.700801,2
1.230706,20,624.984354,2
1.116455,34,625.418226,2
0.62448,12,625.579674,2
0.460104,50,626.282673,2
1.204749,40,626.793492,2
1.996685,38,627.272715,2
1.841473,24,627.578536,2
0.618915,50,628.232427,2
2.365568,50,628.860672,2
1.051647,50,629.503631,2
0.605536,30,629.915351,2
0.577498,29,630.298839,2
0.741557,50,630.92756,2
0.625098,50,631.566173,2
0.913067,50,632.193585,2
0.625092,8,632.297496,2
0.618971,12,632.455806,2
3.049724,50,633.111226,2
0.585295,25,633.8142,2
1.16733,50,635.325037,2
1.381872,50,636.876594,2
0.62516,16,637.283752,2
0.624474,47,638.741778,2
0.618977,11,639.003326,2
1.751652,50,640.400212,2
0.625154,39,640.903908,2
0.618353,13,641.085331,2
2.225737,50,641.705702,2
1.106523,20,641.965278,2
1.267837,13,642.138993,2
1.40317,50,642.752527,2
0.618358,17,642.962099,2
0.62448,14,643.153314,2
0.494941,50,643.780851,2
0.618296,12,643.940719,2
1.199847,23,644.240055,2
0.006252,40,644.749491,2
0.560886,50,645.380027,2
0.770703,50,645.990374,2
1.824843,50,646.614041,2
0.618977,50,647.241193,2
1.234628,18,647.48215,2
1.817075,50,648.097067,2
0.618977,18,648.337748,2
1.758791,50,648.956228,2
1.187566,16,649.162743,2
0.602624,45,649.712751,2
1.156974,50,650.335078,2
0.729226,38,650.802126,2
0.624541,9,650.930452,2
0.618296,12,651.087606,2
0.006869,22,651.358878,2
0.006808,8,651.464317,2
0.624536,16,651.671901,2
0.61897,11,651.817098,2
7e-06,17,652.029177,2
0.000687,18,652.271091,2
0.625092,50,652.90524,2
0.62448,11,653.05381,2
1.843992,38,653.524136,2
0.618297,10,653.662925,2
0.625159,24,653.964938,2
1.203395,36,654.448241,2
2.467536,50,655.156556,2
0.479529,42,655.742576,2
0.62448,50,656.414881,2
1.236743,50,657.057891,2
1.715015,30,657.469379,2
0.577965,20,657.729355,2
0.523926,50,658.403825,2
0.62516,10,658.527124,2
0.006251,38,659.009525,2
1.201653,50,659.655191,2
1.862975,50,660.294087,2
0.000625,42,660.827625,2
0.006863,28,661.183906,2
1.191997,50,661.831169,2
0.62448,50,662.488237,2
0.624542,7,662.598582,2
0.006251,23,662.912779,2
0.62516,13,663.085176,2
1.142831,50,663.738602,2
0.624535,20,664.002426,2
0.000625,50,665.087156,2
0.581272,33,666.098643,2
0.6003,37,667.285711,2
0.465696,23,667.98261,2
0.18125,19,668.506493,2
1.043275,50,670.030376,2
1.145958,50,671.548023,2
0.000625,20,671.952753,2
2.413845,31,672.380342,2
0.006245,31,672.780144,2
1.199078,32,673.187764,2
0.53754,14,673.371467,2
1.225209,9,673.491207,2
7e-06,46,674.080005,2
0.625091,23,674.451137,2
0.51995,18,674.68145,2
1.225304,50,675.434613,2
0.581132,50,676.083908,2
0.703059,46,676.70332,2
1.178239,43,677.231238,2
0.00619,13,677.407668,2
0.000681,13,677.573283,2
0.618977,31,678.015914,2
1.083493,29,678.420427,2
0.617517,50,679.092725,2
0.624535,46,679.895747,2
0.006252,13,680.091618,2
1.822554,50,680.765333,2
0.618909,25,681.084583,2
1.809362,50,681.713958,2
1.807717,45,682.30848,2
1e-06,40,682.836772,2
1.226949,49,683.483139,2
0.00619,43,684.064419,2
0.006808,12,684.238875,2
0.624541,17,684.463106,2
0.582531,50,685.135005,2
0.596705,50,685.819227,2
0.006807,11,685.976024,2
0.618971,50,686.614731,2
0.813983,17,686.835937,2
0.62516,12,686.992699,2
0.006252,27,687.445232,2
0.00687,50,688.123429,2
0.625154,8,688.231394,2
2.301259,50,688.86672,2
0.618909,12,689.031491,2
0.625153,11,689.185728,2
0.006864,19,689.462798,2
0.00687,37,689.957807,2
2.450201,50,690.709597,2
1.211644,50,691.399247,2
6.3e-05,18,691.644522,2
0.598924,19,691.907239,2
2.191421,50,692.572831,2
0.625153,50,693.196451,2
0.00068,21,693.464222,2
1.900014,50,694.109972,2
0.625154,7,694.212602,2
1.096316,50,694.833121,2
1.241854,17,695.046065,2
0.624474,22,695.358567,2
0.625092,11,695.523287,2
0.138611,50,696.17333,2
0.006807,15,696.371923,2
6.8e-05,9,696.486185,2
0.618971,22,696.782334,2
0.618915,50,697.45776,2
0.539476,39,698.423464,2
0.618296,33,699.441946,2
0.624473,10,699.78949,2
0.624479,50,701.296145,2
1.226779,50,702.900797,2
0.658569,9,703.133723,2
0.006801,10,703.430686,2
0.006801,22,704.10361,2
1.243331,12,704.498166,2
0.624541,39,705.599186,2
1.133425,21,705.886871,2
0.618909,19,706.166336,2
0.625153,50,706.810247,2
0.62448,50,707.442694,2
1.787319,50,708.083815,2
1.206465,50,708.765708,2
1.112522,45,709.408671,2
1.258178,50,710.056785,2
0.624479,50,710.906883,2
0.624542,12,711.087285,2
1.237007,40,711.638157,2
0.624474,50,712.365405,2
1.185163,50,713.029219,2
0.618297,46,713.611506,2
0.000625,50,714.262894,2
0.618353,50,714.950867,2
0.625154,50,715.600104,2
1.193615,50,716.239156,2
0.625098,15,716.45148,2
1.151098,50,717.115931,2
1.157591,23,717.41206,2
0.62516,9,717.535476,2
0.618977,40,718.060421,2
0.180631,50,718.692595,2
1.377004,45,719.257727,2
0.625098,44,719.831363,2
1.427908,23,720.126348,2
0.618977,13,720.290351,2
0.624542,18,720.53205,2
1.650645,33,720.951558,2
1.201149,50,721.589237,2
0.645479,21,721.85766,2
0.62516,17,722.073338,2
0.618915,19,722.313443,2
0.728998,46,722.89906,2
0.625098,8,723.006374,2
0.62952,40,723.517029,2
0.624474,17,723.744147,2
6.2e-05,19,723.980334,2
0.000624,35,724.440714,2
0.006808,12,724.602457,2
0.625098,33,725.019895,2
0.000686,14,725.220645,2
0.00068,50,725.877562,2
0.625098,10,726.021294,2
2.31335,50,726.686461,2
2.344949,44,727.282501,2
0.0,50,727.957262,2
1.174616,50,728.59079,2
0.625098,7,728.688658,2
0.006864,50,729.327027,2
